<?xml version="1.0" encoding="UTF-8"?>
<!DOCTYPE mapper PUBLIC "-//mybatis.org//DTD Mapper 3.0//EN" "http://mybatis.org/dtd/mybatis-3-mapper.dtd">

<mapper namespace="com.example.board_final.mapper.BoardMapper">

    <select id="getSeq" resultType="_long">
        SELECT seq_board.NEXTVAL FROM dual
    </select>

    <insert id="insertBoard">
        INSERT INTO TBL_BOARD
        (BOARD_ID, BOARD_TITLE, BOARD_CONTENT, BOARD_VIEWS, BOARD_REGISTER_DATE, BOARD_UPDATE_DATE, PROVIDER_ID)
        VALUES
        (#{boardId}, #{boardTitle}, #{boardContent}, 0, SYSDATE, SYSDATE, #{providerId})
    </insert>

    <select id="selectBoardDetail" resultType="BoardDTO">
        SELECT
            B.BOARD_ID,
            B.BOARD_TITLE,
            U.NAME,
            B.BOARD_VIEWS,
            B.BOARD_REGISTER_DATE,
            U.PROVIDER_ID,
            (SELECT COUNT(*) FROM TBL_FILE F WHERE F.BOARD_ID = B.BOARD_ID) AS FILE_COUNT
        FROM
            TBL_BOARD B JOIN TBL_USERS U ON U.PROVIDER_ID = B.PROVIDER_ID
        WHERE
            B.BOARD_ID = #{boardId}
    </select>


    <select id="selectAll" resultType="BoardDTO">
        SELECT
            B.BOARD_ID,
            B.BOARD_TITLE,
            U.NAME,
            B.BOARD_VIEWS,
            B.BOARD_REGISTER_DATE,
            B.BOARD_UPDATE_DATE,
            U.PROVIDER_ID,
            (SELECT COUNT(*) FROM TBL_FILE F WHERE F.BOARD_ID = B.BOARD_ID) AS FILE_COUNT
        FROM
            TBL_BOARD B JOIN TBL_USERS U
        ON
            U.PROVIDER_ID = B.PROVIDER_ID
        ORDER BY
            B.BOARD_UPDATE_DATE DESC
    </select>

    <select id="selectBoard" resultType="BoardVO">
        SELECT * FROM TBL_BOARD WHERE BOARD_ID = #{boardId}
    </select>

    <update id="updateBoard">
        UPDATE TBL_BOARD
        SET BOARD_TITLE = #{boardTitle},
        BOARD_CONTENT = #{boardContent},
        BOARD_UPDATE_DATE = SYSDATE
        WHERE BOARD_ID = #{boardId}
    </update>

    <update id="plusViews">
        UPDATE TBL_BOARD
        SET
        BOARD_VIEWS = BOARD_VIEWS + 1
        WHERE BOARD_ID = #{boardId}
    </update>

    <delete id="deleteBoard">
        DELETE FROM TBL_BOARD WHERE BOARD_ID = #{boardId}
    </delete>

    <select id="selectAllByDateASC" resultType="BoardDTO">
        SELECT
            B.BOARD_ID,
            B.BOARD_TITLE,
            U.NAME,
            B.BOARD_VIEWS,
            B.BOARD_REGISTER_DATE,
            B.BOARD_UPDATE_DATE,
            U.PROVIDER_ID,
            (SELECT COUNT(*) FROM TBL_FILE F WHERE F.BOARD_ID = B.BOARD_ID) AS FILE_COUNT
        FROM
            TBL_BOARD B JOIN TBL_USERS U
                             ON
                                 U.PROVIDER_ID = B.PROVIDER_ID
        ORDER BY
            B.BOARD_UPDATE_DATE ASC
    </select>

    <select id="selectAllByViews" resultType="BoardDTO">
        SELECT
            B.BOARD_ID,
            B.BOARD_TITLE,
            U.NAME,
            B.BOARD_VIEWS,
            B.BOARD_REGISTER_DATE,
            B.BOARD_UPDATE_DATE,
            U.PROVIDER_ID,
            (SELECT COUNT(*) FROM TBL_FILE F WHERE F.BOARD_ID = B.BOARD_ID) AS FILE_COUNT
        FROM
            TBL_BOARD B JOIN TBL_USERS U
                             ON
                                 U.PROVIDER_ID = B.PROVIDER_ID
        ORDER BY
            B.BOARD_VIEWS DESC
    </select>

</mapper>
