<?xml version="1.0" encoding="UTF-8"?>
<!DOCTYPE mapper PUBLIC "-//mybatis.org//DTD Mapper 3.0//EN" "http://mybatis.org/dtd/mybatis-3-mapper.dtd">
<mapper namespace="com.example.board_final.mapper.CommentMapper">

    <!-- 댓글 추가 -->
    <insert id="insertComment" parameterType="CommentVO">
        INSERT INTO TBL_COMMENT
        (COMMENT_ID, COMMENT_CONTENT, COMMENT_REGISTER_DATE,
         COMMENT_UPDATE_DATE, BOARD_ID, PROVIDER_ID)
        VALUES
            (SEQ_COMMENT.NEXTVAL, #{commentContent},
             SYSDATE, SYSDATE, #{boardId}, #{providerId})
    </insert>

    <!-- 특정 게시글의 모든 댓글 조회 -->
    <select id="selectCommentsByBoardId" parameterType="long"
            resultType="CommentDTO">
        SELECT C.*, U.NAME
        FROM TBL_COMMENT C JOIN TBL_USERS U
        ON C.PROVIDER_ID = U.PROVIDER_ID AND BOARD_ID = #{boardId}
        ORDER BY COMMENT_REGISTER_DATE DESC
    </select>

    <!-- 특정 댓글 찾기, 댓글 수정에 사용 -->
    <select id="selectByCommentId" parameterType="long" resultType="CommentDTO">
        SELECT * FROM TBL_COMMENT
        WHERE COMMENT_ID = #{commentId}
    </select>

    <!-- 댓글 수정 -->
    <update id="updateComment" parameterType="CommentVO">
        UPDATE TBL_COMMENT
        SET COMMENT_CONTENT = #{commentContent},
            COMMENT_UPDATE_DATE = SYSDATE
        WHERE COMMENT_ID = #{commentId}
    </update>

    <!-- 댓글 삭제 -->
    <delete id="deleteComment" parameterType="long">
        DELETE FROM TBL_COMMENT
        WHERE COMMENT_ID = #{commentId}
    </delete>
</mapper>
